col,n_rows,n_full,pct_full,n_partial,mean_missing
ipro_lost_peptide2_iprs,12244,9729,79.46,2515,0.47386475008167267
ipro_retained_peptide1_iprs,12244,6816,55.67,5428,0.9391538712838942
ipro_retained_peptide2_iprs,12244,9542,77.93,2702,0.47231296961777197
ipro_lost_peptide1_iprs,12244,7073,57.77,5171,1.0245017967984318
ALL_COLUMNS,48976,33160,67.71,15816,0.7274583469454426
